coverage,risk,rep,aggregation
0.0125,0.0,0,rule
0.025,0.0,0,rule
0.0375,0.0,0,rule
0.05,0.0,0,rule
0.0625,0.0,0,rule
0.075,0.0,0,rule
0.0875,0.0,0,rule
0.1,0.125,0,rule
0.1125,0.11111111111111116,0,rule
0.125,0.09999999999999998,0,rule
0.1375,0.09090909090909094,0,rule
0.15,0.08333333333333337,0,rule
0.1625,0.07692307692307687,0,rule
0.175,0.0714285714285714,0,rule
0.1875,0.06666666666666665,0,rule
0.2,0.0625,0,rule
0.2125,0.11764705882352944,0,rule
0.225,0.11111111111111116,0,rule
0.2375,0.10526315789473684,0,rule
0.25,0.15000000000000002,0,rule
0.2625,0.1428571428571429,0,rule
0.275,0.13636363636363635,0,rule
0.2875,0.13043478260869568,0,rule
0.3,0.125,0,rule
0.3125,0.16000000000000003,0,rule
0.325,0.1923076923076923,0,rule
0.3375,0.2222222222222222,0,rule
0.35,0.2142857142857143,0,rule
0.3625,0.2068965517241379,0,rule
0.375,0.23333333333333328,0,rule
0.3875,0.22580645161290325,0,rule
0.4,0.21875,0,rule
0.4125,0.21212121212121215,0,rule
0.425,0.23529411764705888,0,rule
0.4375,0.22857142857142854,0,rule
0.45,0.2222222222222222,0,rule
0.4625,0.21621621621621623,0,rule
0.475,0.23684210526315785,0,rule
0.4875,0.2564102564102564,0,rule
0.5,0.25,0,rule
0.5125,0.2682926829268293,0,rule
0.525,0.26190476190476186,0,rule
0.5375,0.2558139534883721,0,rule
0.55,0.25,0,rule
0.5625,0.24444444444444446,0,rule
0.575,0.26086956521739135,0,rule
0.5875,0.25531914893617025,0,rule
0.6,0.27083333333333337,0,rule
0.6125,0.26530612244897955,0,rule
0.625,0.26,0,rule
0.6375,0.2549019607843137,0,rule
0.65,0.25,0,rule
0.6625,0.24528301886792447,0,rule
0.675,0.2407407407407407,0,rule
0.6875,0.2545454545454545,0,rule
0.7,0.2678571428571429,0,rule
0.7125,0.2807017543859649,0,rule
0.725,0.2931034482758621,0,rule
0.7375,0.288135593220339,0,rule
0.75,0.2833333333333333,0,rule
0.7625,0.2786885245901639,0,rule
0.775,0.27419354838709675,0,rule
0.7875,0.2698412698412699,0,rule
0.8,0.28125,0,rule
0.8125,0.27692307692307694,0,rule
0.825,0.2727272727272727,0,rule
0.8375,0.26865671641791045,0,rule
0.85,0.27941176470588236,0,rule
0.8625,0.28985507246376807,0,rule
0.875,0.2857142857142857,0,rule
0.8875,0.295774647887324,0,rule
0.9,0.3055555555555556,0,rule
0.9125,0.31506849315068497,0,rule
0.925,0.31081081081081086,0,rule
0.9375,0.31999999999999995,0,rule
0.95,0.32894736842105265,0,rule
0.9625,0.33766233766233766,0,rule
0.975,0.33333333333333337,0,rule
0.9875,0.3417721518987342,0,rule
1.0,0.35,0,rule
0.0125,0.0,0,stacked_probs_only
0.025,0.0,0,stacked_probs_only
0.0375,0.0,0,stacked_probs_only
0.05,0.0,0,stacked_probs_only
0.0625,0.0,0,stacked_probs_only
0.075,0.0,0,stacked_probs_only
0.0875,0.0,0,stacked_probs_only
0.1,0.0,0,stacked_probs_only
0.1125,0.0,0,stacked_probs_only
0.125,0.0,0,stacked_probs_only
0.1375,0.0,0,stacked_probs_only
0.15,0.0,0,stacked_probs_only
0.1625,0.0,0,stacked_probs_only
0.175,0.0,0,stacked_probs_only
0.1875,0.0,0,stacked_probs_only
0.2,0.0,0,stacked_probs_only
0.2125,0.0,0,stacked_probs_only
0.225,0.0,0,stacked_probs_only
0.2375,0.0,0,stacked_probs_only
0.25,0.0,0,stacked_probs_only
0.2625,0.0,0,stacked_probs_only
0.275,0.0,0,stacked_probs_only
0.2875,0.0,0,stacked_probs_only
0.3,0.0,0,stacked_probs_only
0.3125,0.0,0,stacked_probs_only
0.325,0.0,0,stacked_probs_only
0.3375,0.0,0,stacked_probs_only
0.35,0.0,0,stacked_probs_only
0.3625,0.0,0,stacked_probs_only
0.375,0.0,0,stacked_probs_only
0.3875,0.0,0,stacked_probs_only
0.4,0.0,0,stacked_probs_only
0.4125,0.0,0,stacked_probs_only
0.425,0.0,0,stacked_probs_only
0.4375,0.0,0,stacked_probs_only
0.45,0.0,0,stacked_probs_only
0.4625,0.0,0,stacked_probs_only
0.475,0.0,0,stacked_probs_only
0.4875,0.0,0,stacked_probs_only
0.5,0.0,0,stacked_probs_only
0.5125,0.0,0,stacked_probs_only
0.525,0.0,0,stacked_probs_only
0.5375,0.0,0,stacked_probs_only
0.55,0.0,0,stacked_probs_only
0.5625,0.022222222222222254,0,stacked_probs_only
0.575,0.021739130434782594,0,stacked_probs_only
0.5875,0.021276595744680882,0,stacked_probs_only
0.6,0.02083333333333337,0,stacked_probs_only
0.6125,0.020408163265306145,0,stacked_probs_only
0.625,0.020000000000000018,0,stacked_probs_only
0.6375,0.019607843137254943,0,stacked_probs_only
0.65,0.019230769230769273,0,stacked_probs_only
0.6625,0.018867924528301883,0,stacked_probs_only
0.675,0.01851851851851849,0,stacked_probs_only
0.6875,0.018181818181818188,0,stacked_probs_only
0.7,0.017857142857142905,0,stacked_probs_only
0.7125,0.01754385964912286,0,stacked_probs_only
0.725,0.017241379310344862,0,stacked_probs_only
0.7375,0.016949152542372836,0,stacked_probs_only
0.75,0.01666666666666672,0,stacked_probs_only
0.7625,0.016393442622950838,0,stacked_probs_only
0.775,0.016129032258064502,0,stacked_probs_only
0.7875,0.015873015873015928,0,stacked_probs_only
0.8,0.03125,0,stacked_probs_only
0.8125,0.03076923076923077,0,stacked_probs_only
0.825,0.030303030303030276,0,stacked_probs_only
0.8375,0.02985074626865669,0,stacked_probs_only
0.85,0.02941176470588236,0,stacked_probs_only
0.8625,0.02898550724637683,0,stacked_probs_only
0.875,0.02857142857142858,0,stacked_probs_only
0.8875,0.028169014084507005,0,stacked_probs_only
0.9,0.02777777777777779,0,stacked_probs_only
0.9125,0.0273972602739726,0,stacked_probs_only
0.925,0.027027027027026973,0,stacked_probs_only
0.9375,0.026666666666666616,0,stacked_probs_only
0.95,0.02631578947368418,0,stacked_probs_only
0.9625,0.025974025974025983,0,stacked_probs_only
0.975,0.038461538461538436,0,stacked_probs_only
0.9875,0.03797468354430378,0,stacked_probs_only
1.0,0.03749999999999998,0,stacked_probs_only
0.0125,0.0,0,stacked_raw_only
0.025,0.0,0,stacked_raw_only
0.0375,0.0,0,stacked_raw_only
0.05,0.0,0,stacked_raw_only
0.0625,0.0,0,stacked_raw_only
0.075,0.0,0,stacked_raw_only
0.0875,0.0,0,stacked_raw_only
0.1,0.0,0,stacked_raw_only
0.1125,0.0,0,stacked_raw_only
0.125,0.0,0,stacked_raw_only
0.1375,0.0,0,stacked_raw_only
0.15,0.0,0,stacked_raw_only
0.1625,0.0,0,stacked_raw_only
0.175,0.0,0,stacked_raw_only
0.1875,0.0,0,stacked_raw_only
0.2,0.0,0,stacked_raw_only
0.2125,0.0,0,stacked_raw_only
0.225,0.0,0,stacked_raw_only
0.2375,0.0,0,stacked_raw_only
0.25,0.0,0,stacked_raw_only
0.2625,0.0,0,stacked_raw_only
0.275,0.0,0,stacked_raw_only
0.2875,0.0,0,stacked_raw_only
0.3,0.0,0,stacked_raw_only
0.3125,0.0,0,stacked_raw_only
0.325,0.0,0,stacked_raw_only
0.3375,0.0,0,stacked_raw_only
0.35,0.0,0,stacked_raw_only
0.3625,0.0,0,stacked_raw_only
0.375,0.0,0,stacked_raw_only
0.3875,0.0,0,stacked_raw_only
0.4,0.0,0,stacked_raw_only
0.4125,0.0,0,stacked_raw_only
0.425,0.0,0,stacked_raw_only
0.4375,0.0,0,stacked_raw_only
0.45,0.0,0,stacked_raw_only
0.4625,0.0,0,stacked_raw_only
0.475,0.0,0,stacked_raw_only
0.4875,0.0,0,stacked_raw_only
0.5,0.0,0,stacked_raw_only
0.5125,0.0,0,stacked_raw_only
0.525,0.023809523809523836,0,stacked_raw_only
0.5375,0.023255813953488413,0,stacked_raw_only
0.55,0.022727272727272707,0,stacked_raw_only
0.5625,0.022222222222222254,0,stacked_raw_only
0.575,0.021739130434782594,0,stacked_raw_only
0.5875,0.021276595744680882,0,stacked_raw_only
0.6,0.02083333333333337,0,stacked_raw_only
0.6125,0.020408163265306145,0,stacked_raw_only
0.625,0.020000000000000018,0,stacked_raw_only
0.6375,0.019607843137254943,0,stacked_raw_only
0.65,0.019230769230769273,0,stacked_raw_only
0.6625,0.018867924528301883,0,stacked_raw_only
0.675,0.03703703703703709,0,stacked_raw_only
0.6875,0.036363636363636376,0,stacked_raw_only
0.7,0.0357142857142857,0,stacked_raw_only
0.7125,0.03508771929824561,0,stacked_raw_only
0.725,0.03448275862068961,0,stacked_raw_only
0.7375,0.03389830508474578,0,stacked_raw_only
0.75,0.033333333333333326,0,stacked_raw_only
0.7625,0.049180327868852514,0,stacked_raw_only
0.775,0.048387096774193505,0,stacked_raw_only
0.7875,0.04761904761904767,0,stacked_raw_only
0.8,0.0625,0,stacked_raw_only
0.8125,0.06153846153846154,0,stacked_raw_only
0.825,0.06060606060606055,0,stacked_raw_only
0.8375,0.05970149253731338,0,stacked_raw_only
0.85,0.07352941176470584,0,stacked_raw_only
0.8625,0.08695652173913049,0,stacked_raw_only
0.875,0.08571428571428574,0,stacked_raw_only
0.8875,0.08450704225352113,0,stacked_raw_only
0.9,0.09722222222222221,0,stacked_raw_only
0.9125,0.1095890410958904,0,stacked_raw_only
0.925,0.10810810810810811,0,stacked_raw_only
0.9375,0.12,0,stacked_raw_only
0.95,0.13157894736842102,0,stacked_raw_only
0.9625,0.1298701298701299,0,stacked_raw_only
0.975,0.1282051282051282,0,stacked_raw_only
0.9875,0.1392405063291139,0,stacked_raw_only
1.0,0.13749999999999996,0,stacked_raw_only
0.0125,0.0,0,stacked
0.025,0.0,0,stacked
0.0375,0.0,0,stacked
0.05,0.0,0,stacked
0.0625,0.0,0,stacked
0.075,0.0,0,stacked
0.0875,0.0,0,stacked
0.1,0.0,0,stacked
0.1125,0.0,0,stacked
0.125,0.0,0,stacked
0.1375,0.0,0,stacked
0.15,0.0,0,stacked
0.1625,0.0,0,stacked
0.175,0.0,0,stacked
0.1875,0.0,0,stacked
0.2,0.0,0,stacked
0.2125,0.0,0,stacked
0.225,0.0,0,stacked
0.2375,0.0,0,stacked
0.25,0.0,0,stacked
0.2625,0.0,0,stacked
0.275,0.0,0,stacked
0.2875,0.0,0,stacked
0.3,0.0,0,stacked
0.3125,0.0,0,stacked
0.325,0.0,0,stacked
0.3375,0.0,0,stacked
0.35,0.0,0,stacked
0.3625,0.0,0,stacked
0.375,0.0,0,stacked
0.3875,0.0,0,stacked
0.4,0.0,0,stacked
0.4125,0.0,0,stacked
0.425,0.0,0,stacked
0.4375,0.0,0,stacked
0.45,0.0,0,stacked
0.4625,0.0,0,stacked
0.475,0.0,0,stacked
0.4875,0.0,0,stacked
0.5,0.0,0,stacked
0.5125,0.0,0,stacked
0.525,0.0,0,stacked
0.5375,0.0,0,stacked
0.55,0.0,0,stacked
0.5625,0.0,0,stacked
0.575,0.0,0,stacked
0.5875,0.0,0,stacked
0.6,0.0,0,stacked
0.6125,0.0,0,stacked
0.625,0.0,0,stacked
0.6375,0.019607843137254943,0,stacked
0.65,0.019230769230769273,0,stacked
0.6625,0.018867924528301883,0,stacked
0.675,0.01851851851851849,0,stacked
0.6875,0.018181818181818188,0,stacked
0.7,0.017857142857142905,0,stacked
0.7125,0.01754385964912286,0,stacked
0.725,0.017241379310344862,0,stacked
0.7375,0.016949152542372836,0,stacked
0.75,0.01666666666666672,0,stacked
0.7625,0.016393442622950838,0,stacked
0.775,0.016129032258064502,0,stacked
0.7875,0.015873015873015928,0,stacked
0.8,0.015625,0,stacked
0.8125,0.01538461538461533,0,stacked
0.825,0.015151515151515138,0,stacked
0.8375,0.014925373134328401,0,stacked
0.85,0.014705882352941124,0,stacked
0.8625,0.02898550724637683,0,stacked
0.875,0.02857142857142858,0,stacked
0.8875,0.028169014084507005,0,stacked
0.9,0.02777777777777779,0,stacked
0.9125,0.0273972602739726,0,stacked
0.925,0.027027027027026973,0,stacked
0.9375,0.026666666666666616,0,stacked
0.95,0.02631578947368418,0,stacked
0.9625,0.025974025974025983,0,stacked
0.975,0.02564102564102566,0,stacked
0.9875,0.03797468354430378,0,stacked
1.0,0.03749999999999998,0,stacked
0.0125,0.0,0,stacked_no_gap
0.025,0.0,0,stacked_no_gap
0.0375,0.0,0,stacked_no_gap
0.05,0.0,0,stacked_no_gap
0.0625,0.0,0,stacked_no_gap
0.075,0.0,0,stacked_no_gap
0.0875,0.0,0,stacked_no_gap
0.1,0.0,0,stacked_no_gap
0.1125,0.0,0,stacked_no_gap
0.125,0.0,0,stacked_no_gap
0.1375,0.0,0,stacked_no_gap
0.15,0.0,0,stacked_no_gap
0.1625,0.0,0,stacked_no_gap
0.175,0.0,0,stacked_no_gap
0.1875,0.0,0,stacked_no_gap
0.2,0.0,0,stacked_no_gap
0.2125,0.0,0,stacked_no_gap
0.225,0.0,0,stacked_no_gap
0.2375,0.0,0,stacked_no_gap
0.25,0.0,0,stacked_no_gap
0.2625,0.0,0,stacked_no_gap
0.275,0.0,0,stacked_no_gap
0.2875,0.0,0,stacked_no_gap
0.3,0.0,0,stacked_no_gap
0.3125,0.0,0,stacked_no_gap
0.325,0.0,0,stacked_no_gap
0.3375,0.0,0,stacked_no_gap
0.35,0.0,0,stacked_no_gap
0.3625,0.0,0,stacked_no_gap
0.375,0.0,0,stacked_no_gap
0.3875,0.0,0,stacked_no_gap
0.4,0.0,0,stacked_no_gap
0.4125,0.0,0,stacked_no_gap
0.425,0.0,0,stacked_no_gap
0.4375,0.0,0,stacked_no_gap
0.45,0.0,0,stacked_no_gap
0.4625,0.0,0,stacked_no_gap
0.475,0.0,0,stacked_no_gap
0.4875,0.0,0,stacked_no_gap
0.5,0.0,0,stacked_no_gap
0.5125,0.0,0,stacked_no_gap
0.525,0.0,0,stacked_no_gap
0.5375,0.0,0,stacked_no_gap
0.55,0.0,0,stacked_no_gap
0.5625,0.0,0,stacked_no_gap
0.575,0.0,0,stacked_no_gap
0.5875,0.0,0,stacked_no_gap
0.6,0.0,0,stacked_no_gap
0.6125,0.0,0,stacked_no_gap
0.625,0.0,0,stacked_no_gap
0.6375,0.0,0,stacked_no_gap
0.65,0.0,0,stacked_no_gap
0.6625,0.0,0,stacked_no_gap
0.675,0.0,0,stacked_no_gap
0.6875,0.0,0,stacked_no_gap
0.7,0.0,0,stacked_no_gap
0.7125,0.0,0,stacked_no_gap
0.725,0.0,0,stacked_no_gap
0.7375,0.0,0,stacked_no_gap
0.75,0.01666666666666672,0,stacked_no_gap
0.7625,0.016393442622950838,0,stacked_no_gap
0.775,0.016129032258064502,0,stacked_no_gap
0.7875,0.015873015873015928,0,stacked_no_gap
0.8,0.015625,0,stacked_no_gap
0.8125,0.01538461538461533,0,stacked_no_gap
0.825,0.015151515151515138,0,stacked_no_gap
0.8375,0.014925373134328401,0,stacked_no_gap
0.85,0.014705882352941124,0,stacked_no_gap
0.8625,0.01449275362318836,0,stacked_no_gap
0.875,0.02857142857142858,0,stacked_no_gap
0.8875,0.028169014084507005,0,stacked_no_gap
0.9,0.02777777777777779,0,stacked_no_gap
0.9125,0.0273972602739726,0,stacked_no_gap
0.925,0.027027027027026973,0,stacked_no_gap
0.9375,0.026666666666666616,0,stacked_no_gap
0.95,0.02631578947368418,0,stacked_no_gap
0.9625,0.025974025974025983,0,stacked_no_gap
0.975,0.02564102564102566,0,stacked_no_gap
0.9875,0.025316455696202556,0,stacked_no_gap
1.0,0.025000000000000022,0,stacked_no_gap
0.0125,0.0,1,rule
0.025,0.0,1,rule
0.0375,0.0,1,rule
0.05,0.0,1,rule
0.0625,0.0,1,rule
0.075,0.16666666666666663,1,rule
0.0875,0.2857142857142857,1,rule
0.1,0.25,1,rule
0.1125,0.33333333333333337,1,rule
0.125,0.30000000000000004,1,rule
0.1375,0.2727272727272727,1,rule
0.15,0.25,1,rule
0.1625,0.23076923076923073,1,rule
0.175,0.2857142857142857,1,rule
0.1875,0.2666666666666667,1,rule
0.2,0.3125,1,rule
0.2125,0.2941176470588235,1,rule
0.225,0.2777777777777778,1,rule
0.2375,0.26315789473684215,1,rule
0.25,0.30000000000000004,1,rule
0.2625,0.2857142857142857,1,rule
0.275,0.2727272727272727,1,rule
0.2875,0.30434782608695654,1,rule
0.3,0.29166666666666663,1,rule
0.3125,0.28,1,rule
0.325,0.3076923076923077,1,rule
0.3375,0.2962962962962963,1,rule
0.35,0.2857142857142857,1,rule
0.3625,0.31034482758620685,1,rule
0.375,0.33333333333333337,1,rule
0.3875,0.32258064516129037,1,rule
0.4,0.34375,1,rule
0.4125,0.33333333333333337,1,rule
0.425,0.32352941176470584,1,rule
0.4375,0.3142857142857143,1,rule
0.45,0.3055555555555556,1,rule
0.4625,0.29729729729729726,1,rule
0.475,0.3157894736842105,1,rule
0.4875,0.3076923076923077,1,rule
0.5,0.32499999999999996,1,rule
0.5125,0.31707317073170727,1,rule
0.525,0.30952380952380953,1,rule
0.5375,0.3023255813953488,1,rule
0.55,0.2954545454545454,1,rule
0.5625,0.3111111111111111,1,rule
0.575,0.32608695652173914,1,rule
0.5875,0.3191489361702128,1,rule
0.6,0.3125,1,rule
0.6125,0.30612244897959184,1,rule
0.625,0.30000000000000004,1,rule
0.6375,0.3137254901960784,1,rule
0.65,0.3076923076923077,1,rule
0.6625,0.30188679245283023,1,rule
0.675,0.2962962962962963,1,rule
0.6875,0.3090909090909091,1,rule
0.7,0.3214285714285714,1,rule
0.7125,0.33333333333333337,1,rule
0.725,0.3448275862068966,1,rule
0.7375,0.35593220338983056,1,rule
0.75,0.3666666666666667,1,rule
0.7625,0.360655737704918,1,rule
0.775,0.3709677419354839,1,rule
0.7875,0.38095238095238093,1,rule
0.8,0.375,1,rule
0.8125,0.3846153846153846,1,rule
0.825,0.3939393939393939,1,rule
0.8375,0.4029850746268657,1,rule
0.85,0.3970588235294118,1,rule
0.8625,0.3913043478260869,1,rule
0.875,0.4,1,rule
0.8875,0.4084507042253521,1,rule
0.9,0.41666666666666663,1,rule
0.9125,0.4246575342465754,1,rule
0.925,0.43243243243243246,1,rule
0.9375,0.43999999999999995,1,rule
0.95,0.4342105263157895,1,rule
0.9625,0.4285714285714286,1,rule
0.975,0.42307692307692313,1,rule
0.9875,0.430379746835443,1,rule
1.0,0.42500000000000004,1,rule
0.0125,0.0,1,stacked_probs_only
0.025,0.0,1,stacked_probs_only
0.0375,0.0,1,stacked_probs_only
0.05,0.0,1,stacked_probs_only
0.0625,0.0,1,stacked_probs_only
0.075,0.0,1,stacked_probs_only
0.0875,0.0,1,stacked_probs_only
0.1,0.0,1,stacked_probs_only
0.1125,0.0,1,stacked_probs_only
0.125,0.0,1,stacked_probs_only
0.1375,0.0,1,stacked_probs_only
0.15,0.08333333333333337,1,stacked_probs_only
0.1625,0.07692307692307687,1,stacked_probs_only
0.175,0.0714285714285714,1,stacked_probs_only
0.1875,0.06666666666666665,1,stacked_probs_only
0.2,0.0625,1,stacked_probs_only
0.2125,0.05882352941176472,1,stacked_probs_only
0.225,0.05555555555555558,1,stacked_probs_only
0.2375,0.052631578947368474,1,stacked_probs_only
0.25,0.09999999999999998,1,stacked_probs_only
0.2625,0.09523809523809523,1,stacked_probs_only
0.275,0.09090909090909094,1,stacked_probs_only
0.2875,0.08695652173913049,1,stacked_probs_only
0.3,0.08333333333333337,1,stacked_probs_only
0.3125,0.07999999999999996,1,stacked_probs_only
0.325,0.07692307692307687,1,stacked_probs_only
0.3375,0.07407407407407407,1,stacked_probs_only
0.35,0.1071428571428571,1,stacked_probs_only
0.3625,0.10344827586206895,1,stacked_probs_only
0.375,0.09999999999999998,1,stacked_probs_only
0.3875,0.09677419354838712,1,stacked_probs_only
0.4,0.09375,1,stacked_probs_only
0.4125,0.09090909090909094,1,stacked_probs_only
0.425,0.08823529411764708,1,stacked_probs_only
0.4375,0.11428571428571432,1,stacked_probs_only
0.45,0.11111111111111116,1,stacked_probs_only
0.4625,0.10810810810810811,1,stacked_probs_only
0.475,0.10526315789473684,1,stacked_probs_only
0.4875,0.10256410256410253,1,stacked_probs_only
0.5,0.125,1,stacked_probs_only
0.5125,0.12195121951219512,1,stacked_probs_only
0.525,0.11904761904761907,1,stacked_probs_only
0.5375,0.11627906976744184,1,stacked_probs_only
0.55,0.11363636363636365,1,stacked_probs_only
0.5625,0.11111111111111116,1,stacked_probs_only
0.575,0.10869565217391308,1,stacked_probs_only
0.5875,0.1063829787234043,1,stacked_probs_only
0.6,0.125,1,stacked_probs_only
0.6125,0.12244897959183676,1,stacked_probs_only
0.625,0.12,1,stacked_probs_only
0.6375,0.11764705882352944,1,stacked_probs_only
0.65,0.11538461538461542,1,stacked_probs_only
0.6625,0.1132075471698113,1,stacked_probs_only
0.675,0.11111111111111116,1,stacked_probs_only
0.6875,0.10909090909090913,1,stacked_probs_only
0.7,0.125,1,stacked_probs_only
0.7125,0.1228070175438597,1,stacked_probs_only
0.725,0.12068965517241381,1,stacked_probs_only
0.7375,0.13559322033898302,1,stacked_probs_only
0.75,0.1333333333333333,1,stacked_probs_only
0.7625,0.1311475409836066,1,stacked_probs_only
0.775,0.12903225806451613,1,stacked_probs_only
0.7875,0.12698412698412698,1,stacked_probs_only
0.8,0.140625,1,stacked_probs_only
0.8125,0.1384615384615384,1,stacked_probs_only
0.825,0.13636363636363635,1,stacked_probs_only
0.8375,0.13432835820895528,1,stacked_probs_only
0.85,0.13235294117647056,1,stacked_probs_only
0.8625,0.14492753623188404,1,stacked_probs_only
0.875,0.15714285714285714,1,stacked_probs_only
0.8875,0.15492957746478875,1,stacked_probs_only
0.9,0.1527777777777778,1,stacked_probs_only
0.9125,0.15068493150684936,1,stacked_probs_only
0.925,0.14864864864864868,1,stacked_probs_only
0.9375,0.16000000000000003,1,stacked_probs_only
0.95,0.1578947368421053,1,stacked_probs_only
0.9625,0.16883116883116878,1,stacked_probs_only
0.975,0.17948717948717952,1,stacked_probs_only
0.9875,0.189873417721519,1,stacked_probs_only
1.0,0.19999999999999996,1,stacked_probs_only
0.0125,0.0,1,stacked_raw_only
0.025,0.0,1,stacked_raw_only
0.0375,0.0,1,stacked_raw_only
0.05,0.0,1,stacked_raw_only
0.0625,0.0,1,stacked_raw_only
0.075,0.0,1,stacked_raw_only
0.0875,0.0,1,stacked_raw_only
0.1,0.0,1,stacked_raw_only
0.1125,0.0,1,stacked_raw_only
0.125,0.0,1,stacked_raw_only
0.1375,0.0,1,stacked_raw_only
0.15,0.0,1,stacked_raw_only
0.1625,0.0,1,stacked_raw_only
0.175,0.0,1,stacked_raw_only
0.1875,0.0,1,stacked_raw_only
0.2,0.0,1,stacked_raw_only
0.2125,0.0,1,stacked_raw_only
0.225,0.0,1,stacked_raw_only
0.2375,0.0,1,stacked_raw_only
0.25,0.0,1,stacked_raw_only
0.2625,0.0,1,stacked_raw_only
0.275,0.0,1,stacked_raw_only
0.2875,0.0,1,stacked_raw_only
0.3,0.0,1,stacked_raw_only
0.3125,0.0,1,stacked_raw_only
0.325,0.0,1,stacked_raw_only
0.3375,0.0,1,stacked_raw_only
0.35,0.0,1,stacked_raw_only
0.3625,0.0,1,stacked_raw_only
0.375,0.0,1,stacked_raw_only
0.3875,0.0,1,stacked_raw_only
0.4,0.0,1,stacked_raw_only
0.4125,0.0,1,stacked_raw_only
0.425,0.0,1,stacked_raw_only
0.4375,0.0,1,stacked_raw_only
0.45,0.0,1,stacked_raw_only
0.4625,0.0,1,stacked_raw_only
0.475,0.0,1,stacked_raw_only
0.4875,0.0,1,stacked_raw_only
0.5,0.0,1,stacked_raw_only
0.5125,0.024390243902439046,1,stacked_raw_only
0.525,0.023809523809523836,1,stacked_raw_only
0.5375,0.023255813953488413,1,stacked_raw_only
0.55,0.022727272727272707,1,stacked_raw_only
0.5625,0.0444444444444444,1,stacked_raw_only
0.575,0.04347826086956519,1,stacked_raw_only
0.5875,0.04255319148936165,1,stacked_raw_only
0.6,0.0625,1,stacked_raw_only
0.6125,0.061224489795918324,1,stacked_raw_only
0.625,0.06000000000000005,1,stacked_raw_only
0.6375,0.05882352941176472,1,stacked_raw_only
0.65,0.05769230769230771,1,stacked_raw_only
0.6625,0.07547169811320753,1,stacked_raw_only
0.675,0.07407407407407407,1,stacked_raw_only
0.6875,0.07272727272727275,1,stacked_raw_only
0.7,0.0714285714285714,1,stacked_raw_only
0.7125,0.07017543859649122,1,stacked_raw_only
0.725,0.08620689655172409,1,stacked_raw_only
0.7375,0.0847457627118644,1,stacked_raw_only
0.75,0.08333333333333337,1,stacked_raw_only
0.7625,0.08196721311475408,1,stacked_raw_only
0.775,0.08064516129032262,1,stacked_raw_only
0.7875,0.09523809523809523,1,stacked_raw_only
0.8,0.09375,1,stacked_raw_only
0.8125,0.09230769230769231,1,stacked_raw_only
0.825,0.09090909090909094,1,stacked_raw_only
0.8375,0.10447761194029848,1,stacked_raw_only
0.85,0.1029411764705882,1,stacked_raw_only
0.8625,0.10144927536231885,1,stacked_raw_only
0.875,0.09999999999999998,1,stacked_raw_only
0.8875,0.11267605633802813,1,stacked_raw_only
0.9,0.125,1,stacked_raw_only
0.9125,0.12328767123287676,1,stacked_raw_only
0.925,0.1351351351351351,1,stacked_raw_only
0.9375,0.1466666666666666,1,stacked_raw_only
0.95,0.14473684210526316,1,stacked_raw_only
0.9625,0.1428571428571429,1,stacked_raw_only
0.975,0.14102564102564108,1,stacked_raw_only
0.9875,0.15189873417721522,1,stacked_raw_only
1.0,0.15000000000000002,1,stacked_raw_only
0.0125,0.0,1,stacked
0.025,0.0,1,stacked
0.0375,0.0,1,stacked
0.05,0.0,1,stacked
0.0625,0.0,1,stacked
0.075,0.0,1,stacked
0.0875,0.0,1,stacked
0.1,0.0,1,stacked
0.1125,0.0,1,stacked
0.125,0.0,1,stacked
0.1375,0.0,1,stacked
0.15,0.0,1,stacked
0.1625,0.0,1,stacked
0.175,0.0,1,stacked
0.1875,0.06666666666666665,1,stacked
0.2,0.0625,1,stacked
0.2125,0.05882352941176472,1,stacked
0.225,0.05555555555555558,1,stacked
0.2375,0.052631578947368474,1,stacked
0.25,0.050000000000000044,1,stacked
0.2625,0.04761904761904767,1,stacked
0.275,0.045454545454545414,1,stacked
0.2875,0.04347826086956519,1,stacked
0.3,0.04166666666666663,1,stacked
0.3125,0.040000000000000036,1,stacked
0.325,0.038461538461538436,1,stacked
0.3375,0.03703703703703709,1,stacked
0.35,0.0357142857142857,1,stacked
0.3625,0.03448275862068961,1,stacked
0.375,0.033333333333333326,1,stacked
0.3875,0.032258064516129004,1,stacked
0.4,0.03125,1,stacked
0.4125,0.030303030303030276,1,stacked
0.425,0.02941176470588236,1,stacked
0.4375,0.02857142857142858,1,stacked
0.45,0.05555555555555558,1,stacked
0.4625,0.05405405405405406,1,stacked
0.475,0.052631578947368474,1,stacked
0.4875,0.05128205128205132,1,stacked
0.5,0.050000000000000044,1,stacked
0.5125,0.04878048780487809,1,stacked
0.525,0.04761904761904767,1,stacked
0.5375,0.046511627906976716,1,stacked
0.55,0.045454545454545414,1,stacked
0.5625,0.06666666666666665,1,stacked
0.575,0.06521739130434778,1,stacked
0.5875,0.06382978723404253,1,stacked
0.6,0.08333333333333337,1,stacked
0.6125,0.08163265306122447,1,stacked
0.625,0.07999999999999996,1,stacked
0.6375,0.07843137254901966,1,stacked
0.65,0.07692307692307687,1,stacked
0.6625,0.07547169811320753,1,stacked
0.675,0.07407407407407407,1,stacked
0.6875,0.07272727272727275,1,stacked
0.7,0.0892857142857143,1,stacked
0.7125,0.08771929824561409,1,stacked
0.725,0.10344827586206895,1,stacked
0.7375,0.10169491525423724,1,stacked
0.75,0.09999999999999998,1,stacked
0.7625,0.09836065573770492,1,stacked
0.775,0.11290322580645162,1,stacked
0.7875,0.11111111111111116,1,stacked
0.8,0.109375,1,stacked
0.8125,0.10769230769230764,1,stacked
0.825,0.12121212121212122,1,stacked
0.8375,0.11940298507462688,1,stacked
0.85,0.11764705882352944,1,stacked
0.8625,0.1159420289855072,1,stacked
0.875,0.12857142857142856,1,stacked
0.8875,0.12676056338028174,1,stacked
0.9,0.125,1,stacked
0.9125,0.12328767123287676,1,stacked
0.925,0.1216216216216216,1,stacked
0.9375,0.12,1,stacked
0.95,0.11842105263157898,1,stacked
0.9625,0.1298701298701299,1,stacked
0.975,0.1282051282051282,1,stacked
0.9875,0.1392405063291139,1,stacked
1.0,0.13749999999999996,1,stacked
0.0125,0.0,1,stacked_no_gap
0.025,0.0,1,stacked_no_gap
0.0375,0.0,1,stacked_no_gap
0.05,0.0,1,stacked_no_gap
0.0625,0.0,1,stacked_no_gap
0.075,0.0,1,stacked_no_gap
0.0875,0.0,1,stacked_no_gap
0.1,0.0,1,stacked_no_gap
0.1125,0.0,1,stacked_no_gap
0.125,0.0,1,stacked_no_gap
0.1375,0.0,1,stacked_no_gap
0.15,0.0,1,stacked_no_gap
0.1625,0.0,1,stacked_no_gap
0.175,0.0,1,stacked_no_gap
0.1875,0.0,1,stacked_no_gap
0.2,0.0,1,stacked_no_gap
0.2125,0.0,1,stacked_no_gap
0.225,0.05555555555555558,1,stacked_no_gap
0.2375,0.052631578947368474,1,stacked_no_gap
0.25,0.050000000000000044,1,stacked_no_gap
0.2625,0.04761904761904767,1,stacked_no_gap
0.275,0.045454545454545414,1,stacked_no_gap
0.2875,0.04347826086956519,1,stacked_no_gap
0.3,0.04166666666666663,1,stacked_no_gap
0.3125,0.040000000000000036,1,stacked_no_gap
0.325,0.038461538461538436,1,stacked_no_gap
0.3375,0.03703703703703709,1,stacked_no_gap
0.35,0.0357142857142857,1,stacked_no_gap
0.3625,0.06896551724137934,1,stacked_no_gap
0.375,0.06666666666666665,1,stacked_no_gap
0.3875,0.06451612903225812,1,stacked_no_gap
0.4,0.0625,1,stacked_no_gap
0.4125,0.06060606060606055,1,stacked_no_gap
0.425,0.05882352941176472,1,stacked_no_gap
0.4375,0.05714285714285716,1,stacked_no_gap
0.45,0.05555555555555558,1,stacked_no_gap
0.4625,0.05405405405405406,1,stacked_no_gap
0.475,0.052631578947368474,1,stacked_no_gap
0.4875,0.05128205128205132,1,stacked_no_gap
0.5,0.050000000000000044,1,stacked_no_gap
0.5125,0.04878048780487809,1,stacked_no_gap
0.525,0.04761904761904767,1,stacked_no_gap
0.5375,0.06976744186046513,1,stacked_no_gap
0.55,0.06818181818181823,1,stacked_no_gap
0.5625,0.06666666666666665,1,stacked_no_gap
0.575,0.06521739130434778,1,stacked_no_gap
0.5875,0.06382978723404253,1,stacked_no_gap
0.6,0.08333333333333337,1,stacked_no_gap
0.6125,0.08163265306122447,1,stacked_no_gap
0.625,0.07999999999999996,1,stacked_no_gap
0.6375,0.07843137254901966,1,stacked_no_gap
0.65,0.09615384615384615,1,stacked_no_gap
0.6625,0.09433962264150941,1,stacked_no_gap
0.675,0.09259259259259256,1,stacked_no_gap
0.6875,0.09090909090909094,1,stacked_no_gap
0.7,0.0892857142857143,1,stacked_no_gap
0.7125,0.08771929824561409,1,stacked_no_gap
0.725,0.08620689655172409,1,stacked_no_gap
0.7375,0.10169491525423724,1,stacked_no_gap
0.75,0.09999999999999998,1,stacked_no_gap
0.7625,0.11475409836065575,1,stacked_no_gap
0.775,0.11290322580645162,1,stacked_no_gap
0.7875,0.11111111111111116,1,stacked_no_gap
0.8,0.109375,1,stacked_no_gap
0.8125,0.10769230769230764,1,stacked_no_gap
0.825,0.10606060606060608,1,stacked_no_gap
0.8375,0.10447761194029848,1,stacked_no_gap
0.85,0.11764705882352944,1,stacked_no_gap
0.8625,0.1159420289855072,1,stacked_no_gap
0.875,0.11428571428571432,1,stacked_no_gap
0.8875,0.11267605633802813,1,stacked_no_gap
0.9,0.125,1,stacked_no_gap
0.9125,0.12328767123287676,1,stacked_no_gap
0.925,0.1351351351351351,1,stacked_no_gap
0.9375,0.1333333333333333,1,stacked_no_gap
0.95,0.13157894736842102,1,stacked_no_gap
0.9625,0.1428571428571429,1,stacked_no_gap
0.975,0.15384615384615385,1,stacked_no_gap
0.9875,0.16455696202531644,1,stacked_no_gap
1.0,0.17500000000000004,1,stacked_no_gap
0.0125,0.0,2,rule
0.025,0.0,2,rule
0.0375,0.0,2,rule
0.05,0.0,2,rule
0.0625,0.0,2,rule
0.075,0.16666666666666663,2,rule
0.0875,0.1428571428571429,2,rule
0.1,0.125,2,rule
0.1125,0.11111111111111116,2,rule
0.125,0.09999999999999998,2,rule
0.1375,0.09090909090909094,2,rule
0.15,0.16666666666666663,2,rule
0.1625,0.15384615384615385,2,rule
0.175,0.1428571428571429,2,rule
0.1875,0.1333333333333333,2,rule
0.2,0.125,2,rule
0.2125,0.11764705882352944,2,rule
0.225,0.11111111111111116,2,rule
0.2375,0.10526315789473684,2,rule
0.25,0.09999999999999998,2,rule
0.2625,0.1428571428571429,2,rule
0.275,0.18181818181818177,2,rule
0.2875,0.17391304347826086,2,rule
0.3,0.20833333333333337,2,rule
0.3125,0.19999999999999996,2,rule
0.325,0.1923076923076923,2,rule
0.3375,0.2222222222222222,2,rule
0.35,0.25,2,rule
0.3625,0.24137931034482762,2,rule
0.375,0.23333333333333328,2,rule
0.3875,0.22580645161290325,2,rule
0.4,0.21875,2,rule
0.4125,0.21212121212121215,2,rule
0.425,0.20588235294117652,2,rule
0.4375,0.19999999999999996,2,rule
0.45,0.19444444444444442,2,rule
0.4625,0.18918918918918914,2,rule
0.475,0.21052631578947367,2,rule
0.4875,0.20512820512820518,2,rule
0.5,0.19999999999999996,2,rule
0.5125,0.2195121951219512,2,rule
0.525,0.23809523809523814,2,rule
0.5375,0.2325581395348837,2,rule
0.55,0.2272727272727273,2,rule
0.5625,0.24444444444444446,2,rule
0.575,0.26086956521739135,2,rule
0.5875,0.276595744680851,2,rule
0.6,0.27083333333333337,2,rule
0.6125,0.2857142857142857,2,rule
0.625,0.30000000000000004,2,rule
0.6375,0.3137254901960784,2,rule
0.65,0.3076923076923077,2,rule
0.6625,0.3207547169811321,2,rule
0.675,0.33333333333333337,2,rule
0.6875,0.34545454545454546,2,rule
0.7,0.3571428571428571,2,rule
0.7125,0.3508771929824561,2,rule
0.725,0.3620689655172413,2,rule
0.7375,0.3728813559322034,2,rule
0.75,0.3833333333333333,2,rule
0.7625,0.3770491803278688,2,rule
0.775,0.3709677419354839,2,rule
0.7875,0.3650793650793651,2,rule
0.8,0.375,2,rule
0.8125,0.36923076923076925,2,rule
0.825,0.3787878787878788,2,rule
0.8375,0.3880597014925373,2,rule
0.85,0.3970588235294118,2,rule
0.8625,0.3913043478260869,2,rule
0.875,0.4,2,rule
0.8875,0.4084507042253521,2,rule
0.9,0.41666666666666663,2,rule
0.9125,0.410958904109589,2,rule
0.925,0.41891891891891897,2,rule
0.9375,0.41333333333333333,2,rule
0.95,0.42105263157894735,2,rule
0.9625,0.4285714285714286,2,rule
0.975,0.42307692307692313,2,rule
0.9875,0.4177215189873418,2,rule
1.0,0.42500000000000004,2,rule
0.0125,0.0,2,stacked_probs_only
0.025,0.0,2,stacked_probs_only
0.0375,0.0,2,stacked_probs_only
0.05,0.0,2,stacked_probs_only
0.0625,0.0,2,stacked_probs_only
0.075,0.0,2,stacked_probs_only
0.0875,0.0,2,stacked_probs_only
0.1,0.0,2,stacked_probs_only
0.1125,0.0,2,stacked_probs_only
0.125,0.0,2,stacked_probs_only
0.1375,0.0,2,stacked_probs_only
0.15,0.0,2,stacked_probs_only
0.1625,0.0,2,stacked_probs_only
0.175,0.0,2,stacked_probs_only
0.1875,0.0,2,stacked_probs_only
0.2,0.0,2,stacked_probs_only
0.2125,0.0,2,stacked_probs_only
0.225,0.0,2,stacked_probs_only
0.2375,0.0,2,stacked_probs_only
0.25,0.0,2,stacked_probs_only
0.2625,0.0,2,stacked_probs_only
0.275,0.0,2,stacked_probs_only
0.2875,0.0,2,stacked_probs_only
0.3,0.0,2,stacked_probs_only
0.3125,0.0,2,stacked_probs_only
0.325,0.038461538461538436,2,stacked_probs_only
0.3375,0.03703703703703709,2,stacked_probs_only
0.35,0.0357142857142857,2,stacked_probs_only
0.3625,0.03448275862068961,2,stacked_probs_only
0.375,0.033333333333333326,2,stacked_probs_only
0.3875,0.032258064516129004,2,stacked_probs_only
0.4,0.03125,2,stacked_probs_only
0.4125,0.030303030303030276,2,stacked_probs_only
0.425,0.02941176470588236,2,stacked_probs_only
0.4375,0.02857142857142858,2,stacked_probs_only
0.45,0.02777777777777779,2,stacked_probs_only
0.4625,0.027027027027026973,2,stacked_probs_only
0.475,0.02631578947368418,2,stacked_probs_only
0.4875,0.02564102564102566,2,stacked_probs_only
0.5,0.025000000000000022,2,stacked_probs_only
0.5125,0.024390243902439046,2,stacked_probs_only
0.525,0.023809523809523836,2,stacked_probs_only
0.5375,0.023255813953488413,2,stacked_probs_only
0.55,0.022727272727272707,2,stacked_probs_only
0.5625,0.022222222222222254,2,stacked_probs_only
0.575,0.021739130434782594,2,stacked_probs_only
0.5875,0.021276595744680882,2,stacked_probs_only
0.6,0.02083333333333337,2,stacked_probs_only
0.6125,0.020408163265306145,2,stacked_probs_only
0.625,0.020000000000000018,2,stacked_probs_only
0.6375,0.019607843137254943,2,stacked_probs_only
0.65,0.019230769230769273,2,stacked_probs_only
0.6625,0.018867924528301883,2,stacked_probs_only
0.675,0.01851851851851849,2,stacked_probs_only
0.6875,0.018181818181818188,2,stacked_probs_only
0.7,0.017857142857142905,2,stacked_probs_only
0.7125,0.01754385964912286,2,stacked_probs_only
0.725,0.017241379310344862,2,stacked_probs_only
0.7375,0.016949152542372836,2,stacked_probs_only
0.75,0.033333333333333326,2,stacked_probs_only
0.7625,0.032786885245901676,2,stacked_probs_only
0.775,0.032258064516129004,2,stacked_probs_only
0.7875,0.031746031746031744,2,stacked_probs_only
0.8,0.03125,2,stacked_probs_only
0.8125,0.03076923076923077,2,stacked_probs_only
0.825,0.030303030303030276,2,stacked_probs_only
0.8375,0.02985074626865669,2,stacked_probs_only
0.85,0.044117647058823484,2,stacked_probs_only
0.8625,0.04347826086956519,2,stacked_probs_only
0.875,0.042857142857142816,2,stacked_probs_only
0.8875,0.04225352112676062,2,stacked_probs_only
0.9,0.04166666666666663,2,stacked_probs_only
0.9125,0.04109589041095896,2,stacked_probs_only
0.925,0.04054054054054057,2,stacked_probs_only
0.9375,0.053333333333333344,2,stacked_probs_only
0.95,0.052631578947368474,2,stacked_probs_only
0.9625,0.051948051948051965,2,stacked_probs_only
0.975,0.05128205128205132,2,stacked_probs_only
0.9875,0.05063291139240511,2,stacked_probs_only
1.0,0.050000000000000044,2,stacked_probs_only
0.0125,0.0,2,stacked_raw_only
0.025,0.0,2,stacked_raw_only
0.0375,0.0,2,stacked_raw_only
0.05,0.0,2,stacked_raw_only
0.0625,0.0,2,stacked_raw_only
0.075,0.0,2,stacked_raw_only
0.0875,0.0,2,stacked_raw_only
0.1,0.0,2,stacked_raw_only
0.1125,0.0,2,stacked_raw_only
0.125,0.0,2,stacked_raw_only
0.1375,0.0,2,stacked_raw_only
0.15,0.0,2,stacked_raw_only
0.1625,0.0,2,stacked_raw_only
0.175,0.0,2,stacked_raw_only
0.1875,0.0,2,stacked_raw_only
0.2,0.0,2,stacked_raw_only
0.2125,0.0,2,stacked_raw_only
0.225,0.0,2,stacked_raw_only
0.2375,0.0,2,stacked_raw_only
0.25,0.0,2,stacked_raw_only
0.2625,0.0,2,stacked_raw_only
0.275,0.0,2,stacked_raw_only
0.2875,0.0,2,stacked_raw_only
0.3,0.0,2,stacked_raw_only
0.3125,0.0,2,stacked_raw_only
0.325,0.0,2,stacked_raw_only
0.3375,0.0,2,stacked_raw_only
0.35,0.0,2,stacked_raw_only
0.3625,0.0,2,stacked_raw_only
0.375,0.0,2,stacked_raw_only
0.3875,0.0,2,stacked_raw_only
0.4,0.0,2,stacked_raw_only
0.4125,0.0,2,stacked_raw_only
0.425,0.0,2,stacked_raw_only
0.4375,0.0,2,stacked_raw_only
0.45,0.0,2,stacked_raw_only
0.4625,0.0,2,stacked_raw_only
0.475,0.0,2,stacked_raw_only
0.4875,0.0,2,stacked_raw_only
0.5,0.0,2,stacked_raw_only
0.5125,0.0,2,stacked_raw_only
0.525,0.0,2,stacked_raw_only
0.5375,0.0,2,stacked_raw_only
0.55,0.0,2,stacked_raw_only
0.5625,0.0,2,stacked_raw_only
0.575,0.0,2,stacked_raw_only
0.5875,0.0,2,stacked_raw_only
0.6,0.0,2,stacked_raw_only
0.6125,0.020408163265306145,2,stacked_raw_only
0.625,0.020000000000000018,2,stacked_raw_only
0.6375,0.039215686274509776,2,stacked_raw_only
0.65,0.038461538461538436,2,stacked_raw_only
0.6625,0.037735849056603765,2,stacked_raw_only
0.675,0.03703703703703709,2,stacked_raw_only
0.6875,0.036363636363636376,2,stacked_raw_only
0.7,0.0357142857142857,2,stacked_raw_only
0.7125,0.03508771929824561,2,stacked_raw_only
0.725,0.03448275862068961,2,stacked_raw_only
0.7375,0.03389830508474578,2,stacked_raw_only
0.75,0.050000000000000044,2,stacked_raw_only
0.7625,0.049180327868852514,2,stacked_raw_only
0.775,0.048387096774193505,2,stacked_raw_only
0.7875,0.04761904761904767,2,stacked_raw_only
0.8,0.046875,2,stacked_raw_only
0.8125,0.06153846153846154,2,stacked_raw_only
0.825,0.06060606060606055,2,stacked_raw_only
0.8375,0.05970149253731338,2,stacked_raw_only
0.85,0.07352941176470584,2,stacked_raw_only
0.8625,0.07246376811594202,2,stacked_raw_only
0.875,0.0714285714285714,2,stacked_raw_only
0.8875,0.07042253521126762,2,stacked_raw_only
0.9,0.06944444444444442,2,stacked_raw_only
0.9125,0.0821917808219178,2,stacked_raw_only
0.925,0.09459459459459463,2,stacked_raw_only
0.9375,0.10666666666666669,2,stacked_raw_only
0.95,0.10526315789473684,2,stacked_raw_only
0.9625,0.11688311688311692,2,stacked_raw_only
0.975,0.1282051282051282,2,stacked_raw_only
0.9875,0.1392405063291139,2,stacked_raw_only
1.0,0.15000000000000002,2,stacked_raw_only
0.0125,0.0,2,stacked
0.025,0.0,2,stacked
0.0375,0.0,2,stacked
0.05,0.0,2,stacked
0.0625,0.0,2,stacked
0.075,0.0,2,stacked
0.0875,0.0,2,stacked
0.1,0.0,2,stacked
0.1125,0.0,2,stacked
0.125,0.0,2,stacked
0.1375,0.0,2,stacked
0.15,0.0,2,stacked
0.1625,0.0,2,stacked
0.175,0.0,2,stacked
0.1875,0.0,2,stacked
0.2,0.0,2,stacked
0.2125,0.0,2,stacked
0.225,0.0,2,stacked
0.2375,0.0,2,stacked
0.25,0.0,2,stacked
0.2625,0.0,2,stacked
0.275,0.0,2,stacked
0.2875,0.0,2,stacked
0.3,0.0,2,stacked
0.3125,0.0,2,stacked
0.325,0.0,2,stacked
0.3375,0.0,2,stacked
0.35,0.0,2,stacked
0.3625,0.0,2,stacked
0.375,0.0,2,stacked
0.3875,0.0,2,stacked
0.4,0.0,2,stacked
0.4125,0.0,2,stacked
0.425,0.0,2,stacked
0.4375,0.0,2,stacked
0.45,0.0,2,stacked
0.4625,0.0,2,stacked
0.475,0.0,2,stacked
0.4875,0.0,2,stacked
0.5,0.0,2,stacked
0.5125,0.0,2,stacked
0.525,0.0,2,stacked
0.5375,0.0,2,stacked
0.55,0.0,2,stacked
0.5625,0.0,2,stacked
0.575,0.0,2,stacked
0.5875,0.0,2,stacked
0.6,0.0,2,stacked
0.6125,0.0,2,stacked
0.625,0.0,2,stacked
0.6375,0.0,2,stacked
0.65,0.0,2,stacked
0.6625,0.0,2,stacked
0.675,0.0,2,stacked
0.6875,0.0,2,stacked
0.7,0.0,2,stacked
0.7125,0.0,2,stacked
0.725,0.0,2,stacked
0.7375,0.0,2,stacked
0.75,0.0,2,stacked
0.7625,0.0,2,stacked
0.775,0.0,2,stacked
0.7875,0.0,2,stacked
0.8,0.0,2,stacked
0.8125,0.0,2,stacked
0.825,0.0,2,stacked
0.8375,0.014925373134328401,2,stacked
0.85,0.014705882352941124,2,stacked
0.8625,0.01449275362318836,2,stacked
0.875,0.014285714285714235,2,stacked
0.8875,0.028169014084507005,2,stacked
0.9,0.04166666666666663,2,stacked
0.9125,0.04109589041095896,2,stacked
0.925,0.05405405405405406,2,stacked
0.9375,0.053333333333333344,2,stacked
0.95,0.052631578947368474,2,stacked
0.9625,0.06493506493506496,2,stacked
0.975,0.0641025641025641,2,stacked
0.9875,0.07594936708860756,2,stacked
1.0,0.08750000000000002,2,stacked
0.0125,0.0,2,stacked_no_gap
0.025,0.0,2,stacked_no_gap
0.0375,0.0,2,stacked_no_gap
0.05,0.0,2,stacked_no_gap
0.0625,0.0,2,stacked_no_gap
0.075,0.0,2,stacked_no_gap
0.0875,0.0,2,stacked_no_gap
0.1,0.0,2,stacked_no_gap
0.1125,0.0,2,stacked_no_gap
0.125,0.0,2,stacked_no_gap
0.1375,0.0,2,stacked_no_gap
0.15,0.0,2,stacked_no_gap
0.1625,0.0,2,stacked_no_gap
0.175,0.0,2,stacked_no_gap
0.1875,0.0,2,stacked_no_gap
0.2,0.0,2,stacked_no_gap
0.2125,0.0,2,stacked_no_gap
0.225,0.0,2,stacked_no_gap
0.2375,0.0,2,stacked_no_gap
0.25,0.0,2,stacked_no_gap
0.2625,0.0,2,stacked_no_gap
0.275,0.0,2,stacked_no_gap
0.2875,0.0,2,stacked_no_gap
0.3,0.0,2,stacked_no_gap
0.3125,0.0,2,stacked_no_gap
0.325,0.0,2,stacked_no_gap
0.3375,0.0,2,stacked_no_gap
0.35,0.0,2,stacked_no_gap
0.3625,0.0,2,stacked_no_gap
0.375,0.0,2,stacked_no_gap
0.3875,0.0,2,stacked_no_gap
0.4,0.0,2,stacked_no_gap
0.4125,0.0,2,stacked_no_gap
0.425,0.0,2,stacked_no_gap
0.4375,0.0,2,stacked_no_gap
0.45,0.0,2,stacked_no_gap
0.4625,0.0,2,stacked_no_gap
0.475,0.0,2,stacked_no_gap
0.4875,0.0,2,stacked_no_gap
0.5,0.0,2,stacked_no_gap
0.5125,0.0,2,stacked_no_gap
0.525,0.0,2,stacked_no_gap
0.5375,0.0,2,stacked_no_gap
0.55,0.0,2,stacked_no_gap
0.5625,0.0,2,stacked_no_gap
0.575,0.0,2,stacked_no_gap
0.5875,0.0,2,stacked_no_gap
0.6,0.0,2,stacked_no_gap
0.6125,0.0,2,stacked_no_gap
0.625,0.0,2,stacked_no_gap
0.6375,0.0,2,stacked_no_gap
0.65,0.0,2,stacked_no_gap
0.6625,0.0,2,stacked_no_gap
0.675,0.0,2,stacked_no_gap
0.6875,0.0,2,stacked_no_gap
0.7,0.0,2,stacked_no_gap
0.7125,0.0,2,stacked_no_gap
0.725,0.0,2,stacked_no_gap
0.7375,0.0,2,stacked_no_gap
0.75,0.0,2,stacked_no_gap
0.7625,0.0,2,stacked_no_gap
0.775,0.0,2,stacked_no_gap
0.7875,0.0,2,stacked_no_gap
0.8,0.0,2,stacked_no_gap
0.8125,0.0,2,stacked_no_gap
0.825,0.015151515151515138,2,stacked_no_gap
0.8375,0.014925373134328401,2,stacked_no_gap
0.85,0.014705882352941124,2,stacked_no_gap
0.8625,0.01449275362318836,2,stacked_no_gap
0.875,0.02857142857142858,2,stacked_no_gap
0.8875,0.028169014084507005,2,stacked_no_gap
0.9,0.02777777777777779,2,stacked_no_gap
0.9125,0.04109589041095896,2,stacked_no_gap
0.925,0.04054054054054057,2,stacked_no_gap
0.9375,0.053333333333333344,2,stacked_no_gap
0.95,0.052631578947368474,2,stacked_no_gap
0.9625,0.06493506493506496,2,stacked_no_gap
0.975,0.07692307692307687,2,stacked_no_gap
0.9875,0.08860759493670889,2,stacked_no_gap
1.0,0.09999999999999998,2,stacked_no_gap
0.0125,0.0,3,rule
0.025,0.0,3,rule
0.0375,0.0,3,rule
0.05,0.0,3,rule
0.0625,0.0,3,rule
0.075,0.0,3,rule
0.0875,0.0,3,rule
0.1,0.0,3,rule
0.1125,0.0,3,rule
0.125,0.0,3,rule
0.1375,0.0,3,rule
0.15,0.08333333333333337,3,rule
0.1625,0.07692307692307687,3,rule
0.175,0.0714285714285714,3,rule
0.1875,0.06666666666666665,3,rule
0.2,0.0625,3,rule
0.2125,0.11764705882352944,3,rule
0.225,0.16666666666666663,3,rule
0.2375,0.1578947368421053,3,rule
0.25,0.15000000000000002,3,rule
0.2625,0.1428571428571429,3,rule
0.275,0.13636363636363635,3,rule
0.2875,0.13043478260869568,3,rule
0.3,0.125,3,rule
0.3125,0.16000000000000003,3,rule
0.325,0.15384615384615385,3,rule
0.3375,0.14814814814814814,3,rule
0.35,0.1428571428571429,3,rule
0.3625,0.13793103448275867,3,rule
0.375,0.1333333333333333,3,rule
0.3875,0.12903225806451613,3,rule
0.4,0.125,3,rule
0.4125,0.12121212121212122,3,rule
0.425,0.11764705882352944,3,rule
0.4375,0.1428571428571429,3,rule
0.45,0.13888888888888884,3,rule
0.4625,0.16216216216216217,3,rule
0.475,0.1578947368421053,3,rule
0.4875,0.15384615384615385,3,rule
0.5,0.17500000000000004,3,rule
0.5125,0.1707317073170732,3,rule
0.525,0.16666666666666663,3,rule
0.5375,0.16279069767441856,3,rule
0.55,0.15909090909090906,3,rule
0.5625,0.1777777777777778,3,rule
0.575,0.17391304347826086,3,rule
0.5875,0.19148936170212771,3,rule
0.6,0.1875,3,rule
0.6125,0.18367346938775508,3,rule
0.625,0.18000000000000005,3,rule
0.6375,0.17647058823529416,3,rule
0.65,0.1923076923076923,3,rule
0.6625,0.2075471698113207,3,rule
0.675,0.2222222222222222,3,rule
0.6875,0.23636363636363633,3,rule
0.7,0.2321428571428571,3,rule
0.7125,0.22807017543859653,3,rule
0.725,0.24137931034482762,3,rule
0.7375,0.23728813559322037,3,rule
0.75,0.25,3,rule
0.7625,0.24590163934426235,3,rule
0.775,0.25806451612903225,3,rule
0.7875,0.25396825396825395,3,rule
0.8,0.25,3,rule
0.8125,0.24615384615384617,3,rule
0.825,0.24242424242424243,3,rule
0.8375,0.25373134328358204,3,rule
0.85,0.2647058823529411,3,rule
0.8625,0.2753623188405797,3,rule
0.875,0.2857142857142857,3,rule
0.8875,0.2816901408450704,3,rule
0.9,0.29166666666666663,3,rule
0.9125,0.28767123287671237,3,rule
0.925,0.28378378378378377,3,rule
0.9375,0.29333333333333333,3,rule
0.95,0.2894736842105263,3,rule
0.9625,0.2987012987012987,3,rule
0.975,0.2948717948717948,3,rule
0.9875,0.2911392405063291,3,rule
1.0,0.30000000000000004,3,rule
0.0125,0.0,3,stacked_probs_only
0.025,0.0,3,stacked_probs_only
0.0375,0.0,3,stacked_probs_only
0.05,0.0,3,stacked_probs_only
0.0625,0.0,3,stacked_probs_only
0.075,0.0,3,stacked_probs_only
0.0875,0.0,3,stacked_probs_only
0.1,0.0,3,stacked_probs_only
0.1125,0.0,3,stacked_probs_only
0.125,0.0,3,stacked_probs_only
0.1375,0.0,3,stacked_probs_only
0.15,0.0,3,stacked_probs_only
0.1625,0.0,3,stacked_probs_only
0.175,0.0,3,stacked_probs_only
0.1875,0.0,3,stacked_probs_only
0.2,0.0625,3,stacked_probs_only
0.2125,0.05882352941176472,3,stacked_probs_only
0.225,0.05555555555555558,3,stacked_probs_only
0.2375,0.052631578947368474,3,stacked_probs_only
0.25,0.050000000000000044,3,stacked_probs_only
0.2625,0.04761904761904767,3,stacked_probs_only
0.275,0.045454545454545414,3,stacked_probs_only
0.2875,0.04347826086956519,3,stacked_probs_only
0.3,0.04166666666666663,3,stacked_probs_only
0.3125,0.040000000000000036,3,stacked_probs_only
0.325,0.038461538461538436,3,stacked_probs_only
0.3375,0.03703703703703709,3,stacked_probs_only
0.35,0.0357142857142857,3,stacked_probs_only
0.3625,0.03448275862068961,3,stacked_probs_only
0.375,0.033333333333333326,3,stacked_probs_only
0.3875,0.06451612903225812,3,stacked_probs_only
0.4,0.0625,3,stacked_probs_only
0.4125,0.06060606060606055,3,stacked_probs_only
0.425,0.05882352941176472,3,stacked_probs_only
0.4375,0.05714285714285716,3,stacked_probs_only
0.45,0.05555555555555558,3,stacked_probs_only
0.4625,0.05405405405405406,3,stacked_probs_only
0.475,0.052631578947368474,3,stacked_probs_only
0.4875,0.05128205128205132,3,stacked_probs_only
0.5,0.050000000000000044,3,stacked_probs_only
0.5125,0.04878048780487809,3,stacked_probs_only
0.525,0.04761904761904767,3,stacked_probs_only
0.5375,0.046511627906976716,3,stacked_probs_only
0.55,0.045454545454545414,3,stacked_probs_only
0.5625,0.0444444444444444,3,stacked_probs_only
0.575,0.04347826086956519,3,stacked_probs_only
0.5875,0.04255319148936165,3,stacked_probs_only
0.6,0.04166666666666663,3,stacked_probs_only
0.6125,0.04081632653061229,3,stacked_probs_only
0.625,0.040000000000000036,3,stacked_probs_only
0.6375,0.039215686274509776,3,stacked_probs_only
0.65,0.038461538461538436,3,stacked_probs_only
0.6625,0.037735849056603765,3,stacked_probs_only
0.675,0.03703703703703709,3,stacked_probs_only
0.6875,0.036363636363636376,3,stacked_probs_only
0.7,0.0357142857142857,3,stacked_probs_only
0.7125,0.052631578947368474,3,stacked_probs_only
0.725,0.051724137931034475,3,stacked_probs_only
0.7375,0.06779661016949157,3,stacked_probs_only
0.75,0.06666666666666665,3,stacked_probs_only
0.7625,0.06557377049180324,3,stacked_probs_only
0.775,0.06451612903225812,3,stacked_probs_only
0.7875,0.06349206349206349,3,stacked_probs_only
0.8,0.078125,3,stacked_probs_only
0.8125,0.07692307692307687,3,stacked_probs_only
0.825,0.0757575757575758,3,stacked_probs_only
0.8375,0.08955223880597019,3,stacked_probs_only
0.85,0.1029411764705882,3,stacked_probs_only
0.8625,0.10144927536231885,3,stacked_probs_only
0.875,0.09999999999999998,3,stacked_probs_only
0.8875,0.11267605633802813,3,stacked_probs_only
0.9,0.125,3,stacked_probs_only
0.9125,0.12328767123287676,3,stacked_probs_only
0.925,0.1216216216216216,3,stacked_probs_only
0.9375,0.12,3,stacked_probs_only
0.95,0.11842105263157898,3,stacked_probs_only
0.9625,0.11688311688311692,3,stacked_probs_only
0.975,0.11538461538461542,3,stacked_probs_only
0.9875,0.11392405063291144,3,stacked_probs_only
1.0,0.11250000000000004,3,stacked_probs_only
0.0125,0.0,3,stacked_raw_only
0.025,0.0,3,stacked_raw_only
0.0375,0.0,3,stacked_raw_only
0.05,0.0,3,stacked_raw_only
0.0625,0.0,3,stacked_raw_only
0.075,0.0,3,stacked_raw_only
0.0875,0.0,3,stacked_raw_only
0.1,0.0,3,stacked_raw_only
0.1125,0.0,3,stacked_raw_only
0.125,0.0,3,stacked_raw_only
0.1375,0.0,3,stacked_raw_only
0.15,0.0,3,stacked_raw_only
0.1625,0.0,3,stacked_raw_only
0.175,0.0,3,stacked_raw_only
0.1875,0.0,3,stacked_raw_only
0.2,0.0,3,stacked_raw_only
0.2125,0.0,3,stacked_raw_only
0.225,0.0,3,stacked_raw_only
0.2375,0.0,3,stacked_raw_only
0.25,0.0,3,stacked_raw_only
0.2625,0.0,3,stacked_raw_only
0.275,0.0,3,stacked_raw_only
0.2875,0.0,3,stacked_raw_only
0.3,0.0,3,stacked_raw_only
0.3125,0.0,3,stacked_raw_only
0.325,0.0,3,stacked_raw_only
0.3375,0.0,3,stacked_raw_only
0.35,0.0,3,stacked_raw_only
0.3625,0.0,3,stacked_raw_only
0.375,0.0,3,stacked_raw_only
0.3875,0.0,3,stacked_raw_only
0.4,0.0,3,stacked_raw_only
0.4125,0.0,3,stacked_raw_only
0.425,0.0,3,stacked_raw_only
0.4375,0.0,3,stacked_raw_only
0.45,0.0,3,stacked_raw_only
0.4625,0.0,3,stacked_raw_only
0.475,0.0,3,stacked_raw_only
0.4875,0.02564102564102566,3,stacked_raw_only
0.5,0.025000000000000022,3,stacked_raw_only
0.5125,0.024390243902439046,3,stacked_raw_only
0.525,0.023809523809523836,3,stacked_raw_only
0.5375,0.023255813953488413,3,stacked_raw_only
0.55,0.022727272727272707,3,stacked_raw_only
0.5625,0.022222222222222254,3,stacked_raw_only
0.575,0.04347826086956519,3,stacked_raw_only
0.5875,0.06382978723404253,3,stacked_raw_only
0.6,0.0625,3,stacked_raw_only
0.6125,0.061224489795918324,3,stacked_raw_only
0.625,0.06000000000000005,3,stacked_raw_only
0.6375,0.05882352941176472,3,stacked_raw_only
0.65,0.05769230769230771,3,stacked_raw_only
0.6625,0.05660377358490565,3,stacked_raw_only
0.675,0.05555555555555558,3,stacked_raw_only
0.6875,0.054545454545454564,3,stacked_raw_only
0.7,0.0714285714285714,3,stacked_raw_only
0.7125,0.07017543859649122,3,stacked_raw_only
0.725,0.06896551724137934,3,stacked_raw_only
0.7375,0.06779661016949157,3,stacked_raw_only
0.75,0.08333333333333337,3,stacked_raw_only
0.7625,0.08196721311475408,3,stacked_raw_only
0.775,0.09677419354838712,3,stacked_raw_only
0.7875,0.09523809523809523,3,stacked_raw_only
0.8,0.09375,3,stacked_raw_only
0.8125,0.10769230769230764,3,stacked_raw_only
0.825,0.12121212121212122,3,stacked_raw_only
0.8375,0.11940298507462688,3,stacked_raw_only
0.85,0.13235294117647056,3,stacked_raw_only
0.8625,0.13043478260869568,3,stacked_raw_only
0.875,0.12857142857142856,3,stacked_raw_only
0.8875,0.12676056338028174,3,stacked_raw_only
0.9,0.13888888888888884,3,stacked_raw_only
0.9125,0.136986301369863,3,stacked_raw_only
0.925,0.1351351351351351,3,stacked_raw_only
0.9375,0.1333333333333333,3,stacked_raw_only
0.95,0.14473684210526316,3,stacked_raw_only
0.9625,0.1558441558441559,3,stacked_raw_only
0.975,0.16666666666666663,3,stacked_raw_only
0.9875,0.17721518987341767,3,stacked_raw_only
1.0,0.1875,3,stacked_raw_only
0.0125,0.0,3,stacked
0.025,0.0,3,stacked
0.0375,0.0,3,stacked
0.05,0.0,3,stacked
0.0625,0.0,3,stacked
0.075,0.0,3,stacked
0.0875,0.0,3,stacked
0.1,0.0,3,stacked
0.1125,0.0,3,stacked
0.125,0.0,3,stacked
0.1375,0.0,3,stacked
0.15,0.0,3,stacked
0.1625,0.0,3,stacked
0.175,0.0,3,stacked
0.1875,0.06666666666666665,3,stacked
0.2,0.0625,3,stacked
0.2125,0.05882352941176472,3,stacked
0.225,0.05555555555555558,3,stacked
0.2375,0.052631578947368474,3,stacked
0.25,0.050000000000000044,3,stacked
0.2625,0.04761904761904767,3,stacked
0.275,0.045454545454545414,3,stacked
0.2875,0.04347826086956519,3,stacked
0.3,0.04166666666666663,3,stacked
0.3125,0.040000000000000036,3,stacked
0.325,0.038461538461538436,3,stacked
0.3375,0.03703703703703709,3,stacked
0.35,0.0357142857142857,3,stacked
0.3625,0.03448275862068961,3,stacked
0.375,0.033333333333333326,3,stacked
0.3875,0.032258064516129004,3,stacked
0.4,0.03125,3,stacked
0.4125,0.030303030303030276,3,stacked
0.425,0.02941176470588236,3,stacked
0.4375,0.02857142857142858,3,stacked
0.45,0.05555555555555558,3,stacked
0.4625,0.05405405405405406,3,stacked
0.475,0.052631578947368474,3,stacked
0.4875,0.05128205128205132,3,stacked
0.5,0.050000000000000044,3,stacked
0.5125,0.04878048780487809,3,stacked
0.525,0.04761904761904767,3,stacked
0.5375,0.046511627906976716,3,stacked
0.55,0.045454545454545414,3,stacked
0.5625,0.0444444444444444,3,stacked
0.575,0.04347826086956519,3,stacked
0.5875,0.04255319148936165,3,stacked
0.6,0.04166666666666663,3,stacked
0.6125,0.04081632653061229,3,stacked
0.625,0.040000000000000036,3,stacked
0.6375,0.039215686274509776,3,stacked
0.65,0.038461538461538436,3,stacked
0.6625,0.037735849056603765,3,stacked
0.675,0.03703703703703709,3,stacked
0.6875,0.036363636363636376,3,stacked
0.7,0.0357142857142857,3,stacked
0.7125,0.03508771929824561,3,stacked
0.725,0.03448275862068961,3,stacked
0.7375,0.03389830508474578,3,stacked
0.75,0.033333333333333326,3,stacked
0.7625,0.032786885245901676,3,stacked
0.775,0.032258064516129004,3,stacked
0.7875,0.031746031746031744,3,stacked
0.8,0.046875,3,stacked
0.8125,0.0461538461538461,3,stacked
0.825,0.045454545454545414,3,stacked
0.8375,0.05970149253731338,3,stacked
0.85,0.07352941176470584,3,stacked
0.8625,0.07246376811594202,3,stacked
0.875,0.0714285714285714,3,stacked
0.8875,0.08450704225352113,3,stacked
0.9,0.09722222222222221,3,stacked
0.9125,0.09589041095890416,3,stacked
0.925,0.09459459459459463,3,stacked
0.9375,0.09333333333333338,3,stacked
0.95,0.09210526315789469,3,stacked
0.9625,0.09090909090909094,3,stacked
0.975,0.08974358974358976,3,stacked
0.9875,0.10126582278481011,3,stacked
1.0,0.09999999999999998,3,stacked
0.0125,0.0,3,stacked_no_gap
0.025,0.0,3,stacked_no_gap
0.0375,0.0,3,stacked_no_gap
0.05,0.25,3,stacked_no_gap
0.0625,0.19999999999999996,3,stacked_no_gap
0.075,0.16666666666666663,3,stacked_no_gap
0.0875,0.1428571428571429,3,stacked_no_gap
0.1,0.125,3,stacked_no_gap
0.1125,0.11111111111111116,3,stacked_no_gap
0.125,0.09999999999999998,3,stacked_no_gap
0.1375,0.09090909090909094,3,stacked_no_gap
0.15,0.08333333333333337,3,stacked_no_gap
0.1625,0.07692307692307687,3,stacked_no_gap
0.175,0.0714285714285714,3,stacked_no_gap
0.1875,0.06666666666666665,3,stacked_no_gap
0.2,0.0625,3,stacked_no_gap
0.2125,0.05882352941176472,3,stacked_no_gap
0.225,0.05555555555555558,3,stacked_no_gap
0.2375,0.052631578947368474,3,stacked_no_gap
0.25,0.050000000000000044,3,stacked_no_gap
0.2625,0.04761904761904767,3,stacked_no_gap
0.275,0.045454545454545414,3,stacked_no_gap
0.2875,0.04347826086956519,3,stacked_no_gap
0.3,0.04166666666666663,3,stacked_no_gap
0.3125,0.040000000000000036,3,stacked_no_gap
0.325,0.038461538461538436,3,stacked_no_gap
0.3375,0.03703703703703709,3,stacked_no_gap
0.35,0.0357142857142857,3,stacked_no_gap
0.3625,0.03448275862068961,3,stacked_no_gap
0.375,0.033333333333333326,3,stacked_no_gap
0.3875,0.032258064516129004,3,stacked_no_gap
0.4,0.03125,3,stacked_no_gap
0.4125,0.030303030303030276,3,stacked_no_gap
0.425,0.02941176470588236,3,stacked_no_gap
0.4375,0.02857142857142858,3,stacked_no_gap
0.45,0.02777777777777779,3,stacked_no_gap
0.4625,0.027027027027026973,3,stacked_no_gap
0.475,0.02631578947368418,3,stacked_no_gap
0.4875,0.02564102564102566,3,stacked_no_gap
0.5,0.025000000000000022,3,stacked_no_gap
0.5125,0.024390243902439046,3,stacked_no_gap
0.525,0.023809523809523836,3,stacked_no_gap
0.5375,0.023255813953488413,3,stacked_no_gap
0.55,0.022727272727272707,3,stacked_no_gap
0.5625,0.022222222222222254,3,stacked_no_gap
0.575,0.021739130434782594,3,stacked_no_gap
0.5875,0.021276595744680882,3,stacked_no_gap
0.6,0.02083333333333337,3,stacked_no_gap
0.6125,0.020408163265306145,3,stacked_no_gap
0.625,0.040000000000000036,3,stacked_no_gap
0.6375,0.039215686274509776,3,stacked_no_gap
0.65,0.038461538461538436,3,stacked_no_gap
0.6625,0.037735849056603765,3,stacked_no_gap
0.675,0.03703703703703709,3,stacked_no_gap
0.6875,0.036363636363636376,3,stacked_no_gap
0.7,0.0357142857142857,3,stacked_no_gap
0.7125,0.03508771929824561,3,stacked_no_gap
0.725,0.03448275862068961,3,stacked_no_gap
0.7375,0.03389830508474578,3,stacked_no_gap
0.75,0.033333333333333326,3,stacked_no_gap
0.7625,0.032786885245901676,3,stacked_no_gap
0.775,0.032258064516129004,3,stacked_no_gap
0.7875,0.04761904761904767,3,stacked_no_gap
0.8,0.0625,3,stacked_no_gap
0.8125,0.06153846153846154,3,stacked_no_gap
0.825,0.06060606060606055,3,stacked_no_gap
0.8375,0.07462686567164178,3,stacked_no_gap
0.85,0.07352941176470584,3,stacked_no_gap
0.8625,0.07246376811594202,3,stacked_no_gap
0.875,0.08571428571428574,3,stacked_no_gap
0.8875,0.08450704225352113,3,stacked_no_gap
0.9,0.08333333333333337,3,stacked_no_gap
0.9125,0.0821917808219178,3,stacked_no_gap
0.925,0.08108108108108103,3,stacked_no_gap
0.9375,0.07999999999999996,3,stacked_no_gap
0.95,0.09210526315789469,3,stacked_no_gap
0.9625,0.09090909090909094,3,stacked_no_gap
0.975,0.10256410256410253,3,stacked_no_gap
0.9875,0.10126582278481011,3,stacked_no_gap
1.0,0.09999999999999998,3,stacked_no_gap
0.0125,0.0,4,rule
0.025,0.0,4,rule
0.0375,0.0,4,rule
0.05,0.0,4,rule
0.0625,0.0,4,rule
0.075,0.0,4,rule
0.0875,0.0,4,rule
0.1,0.0,4,rule
0.1125,0.0,4,rule
0.125,0.0,4,rule
0.1375,0.0,4,rule
0.15,0.08333333333333337,4,rule
0.1625,0.07692307692307687,4,rule
0.175,0.1428571428571429,4,rule
0.1875,0.19999999999999996,4,rule
0.2,0.1875,4,rule
0.2125,0.17647058823529416,4,rule
0.225,0.2222222222222222,4,rule
0.2375,0.21052631578947367,4,rule
0.25,0.19999999999999996,4,rule
0.2625,0.19047619047619047,4,rule
0.275,0.18181818181818177,4,rule
0.2875,0.17391304347826086,4,rule
0.3,0.16666666666666663,4,rule
0.3125,0.19999999999999996,4,rule
0.325,0.1923076923076923,4,rule
0.3375,0.18518518518518523,4,rule
0.35,0.1785714285714286,4,rule
0.3625,0.1724137931034483,4,rule
0.375,0.19999999999999996,4,rule
0.3875,0.19354838709677424,4,rule
0.4,0.21875,4,rule
0.4125,0.21212121212121215,4,rule
0.425,0.20588235294117652,4,rule
0.4375,0.19999999999999996,4,rule
0.45,0.19444444444444442,4,rule
0.4625,0.18918918918918914,4,rule
0.475,0.21052631578947367,4,rule
0.4875,0.20512820512820518,4,rule
0.5,0.19999999999999996,4,rule
0.5125,0.19512195121951215,4,rule
0.525,0.2142857142857143,4,rule
0.5375,0.2093023255813954,4,rule
0.55,0.2272727272727273,4,rule
0.5625,0.24444444444444446,4,rule
0.575,0.26086956521739135,4,rule
0.5875,0.276595744680851,4,rule
0.6,0.29166666666666663,4,rule
0.6125,0.2857142857142857,4,rule
0.625,0.28,4,rule
0.6375,0.2941176470588235,4,rule
0.65,0.28846153846153844,4,rule
0.6625,0.28301886792452835,4,rule
0.675,0.2777777777777778,4,rule
0.6875,0.2727272727272727,4,rule
0.7,0.2857142857142857,4,rule
0.7125,0.2807017543859649,4,rule
0.725,0.2931034482758621,4,rule
0.7375,0.288135593220339,4,rule
0.75,0.30000000000000004,4,rule
0.7625,0.3114754098360656,4,rule
0.775,0.32258064516129037,4,rule
0.7875,0.33333333333333337,4,rule
0.8,0.34375,4,rule
0.8125,0.3384615384615385,4,rule
0.825,0.33333333333333337,4,rule
0.8375,0.34328358208955223,4,rule
0.85,0.3529411764705882,4,rule
0.8625,0.34782608695652173,4,rule
0.875,0.34285714285714286,4,rule
0.8875,0.3380281690140845,4,rule
0.9,0.3472222222222222,4,rule
0.9125,0.34246575342465757,4,rule
0.925,0.33783783783783783,4,rule
0.9375,0.33333333333333337,4,rule
0.95,0.3421052631578947,4,rule
0.9625,0.35064935064935066,4,rule
0.975,0.3589743589743589,4,rule
0.9875,0.36708860759493667,4,rule
1.0,0.375,4,rule
0.0125,0.0,4,stacked_probs_only
0.025,0.0,4,stacked_probs_only
0.0375,0.0,4,stacked_probs_only
0.05,0.0,4,stacked_probs_only
0.0625,0.0,4,stacked_probs_only
0.075,0.0,4,stacked_probs_only
0.0875,0.0,4,stacked_probs_only
0.1,0.0,4,stacked_probs_only
0.1125,0.0,4,stacked_probs_only
0.125,0.0,4,stacked_probs_only
0.1375,0.0,4,stacked_probs_only
0.15,0.0,4,stacked_probs_only
0.1625,0.0,4,stacked_probs_only
0.175,0.0,4,stacked_probs_only
0.1875,0.0,4,stacked_probs_only
0.2,0.0,4,stacked_probs_only
0.2125,0.0,4,stacked_probs_only
0.225,0.0,4,stacked_probs_only
0.2375,0.0,4,stacked_probs_only
0.25,0.0,4,stacked_probs_only
0.2625,0.0,4,stacked_probs_only
0.275,0.0,4,stacked_probs_only
0.2875,0.0,4,stacked_probs_only
0.3,0.0,4,stacked_probs_only
0.3125,0.0,4,stacked_probs_only
0.325,0.0,4,stacked_probs_only
0.3375,0.0,4,stacked_probs_only
0.35,0.0,4,stacked_probs_only
0.3625,0.0,4,stacked_probs_only
0.375,0.0,4,stacked_probs_only
0.3875,0.0,4,stacked_probs_only
0.4,0.0,4,stacked_probs_only
0.4125,0.0,4,stacked_probs_only
0.425,0.0,4,stacked_probs_only
0.4375,0.0,4,stacked_probs_only
0.45,0.0,4,stacked_probs_only
0.4625,0.0,4,stacked_probs_only
0.475,0.0,4,stacked_probs_only
0.4875,0.0,4,stacked_probs_only
0.5,0.0,4,stacked_probs_only
0.5125,0.0,4,stacked_probs_only
0.525,0.0,4,stacked_probs_only
0.5375,0.0,4,stacked_probs_only
0.55,0.0,4,stacked_probs_only
0.5625,0.0,4,stacked_probs_only
0.575,0.0,4,stacked_probs_only
0.5875,0.0,4,stacked_probs_only
0.6,0.0,4,stacked_probs_only
0.6125,0.0,4,stacked_probs_only
0.625,0.0,4,stacked_probs_only
0.6375,0.0,4,stacked_probs_only
0.65,0.0,4,stacked_probs_only
0.6625,0.0,4,stacked_probs_only
0.675,0.01851851851851849,4,stacked_probs_only
0.6875,0.018181818181818188,4,stacked_probs_only
0.7,0.0357142857142857,4,stacked_probs_only
0.7125,0.03508771929824561,4,stacked_probs_only
0.725,0.03448275862068961,4,stacked_probs_only
0.7375,0.03389830508474578,4,stacked_probs_only
0.75,0.033333333333333326,4,stacked_probs_only
0.7625,0.032786885245901676,4,stacked_probs_only
0.775,0.032258064516129004,4,stacked_probs_only
0.7875,0.031746031746031744,4,stacked_probs_only
0.8,0.03125,4,stacked_probs_only
0.8125,0.03076923076923077,4,stacked_probs_only
0.825,0.030303030303030276,4,stacked_probs_only
0.8375,0.02985074626865669,4,stacked_probs_only
0.85,0.044117647058823484,4,stacked_probs_only
0.8625,0.04347826086956519,4,stacked_probs_only
0.875,0.042857142857142816,4,stacked_probs_only
0.8875,0.04225352112676062,4,stacked_probs_only
0.9,0.04166666666666663,4,stacked_probs_only
0.9125,0.04109589041095896,4,stacked_probs_only
0.925,0.04054054054054057,4,stacked_probs_only
0.9375,0.040000000000000036,4,stacked_probs_only
0.95,0.03947368421052633,4,stacked_probs_only
0.9625,0.038961038961038974,4,stacked_probs_only
0.975,0.038461538461538436,4,stacked_probs_only
0.9875,0.05063291139240511,4,stacked_probs_only
1.0,0.0625,4,stacked_probs_only
0.0125,0.0,4,stacked_raw_only
0.025,0.0,4,stacked_raw_only
0.0375,0.0,4,stacked_raw_only
0.05,0.0,4,stacked_raw_only
0.0625,0.0,4,stacked_raw_only
0.075,0.0,4,stacked_raw_only
0.0875,0.0,4,stacked_raw_only
0.1,0.0,4,stacked_raw_only
0.1125,0.0,4,stacked_raw_only
0.125,0.0,4,stacked_raw_only
0.1375,0.0,4,stacked_raw_only
0.15,0.0,4,stacked_raw_only
0.1625,0.0,4,stacked_raw_only
0.175,0.0,4,stacked_raw_only
0.1875,0.0,4,stacked_raw_only
0.2,0.0,4,stacked_raw_only
0.2125,0.0,4,stacked_raw_only
0.225,0.0,4,stacked_raw_only
0.2375,0.0,4,stacked_raw_only
0.25,0.0,4,stacked_raw_only
0.2625,0.0,4,stacked_raw_only
0.275,0.0,4,stacked_raw_only
0.2875,0.0,4,stacked_raw_only
0.3,0.0,4,stacked_raw_only
0.3125,0.0,4,stacked_raw_only
0.325,0.0,4,stacked_raw_only
0.3375,0.0,4,stacked_raw_only
0.35,0.0,4,stacked_raw_only
0.3625,0.0,4,stacked_raw_only
0.375,0.0,4,stacked_raw_only
0.3875,0.0,4,stacked_raw_only
0.4,0.0,4,stacked_raw_only
0.4125,0.0,4,stacked_raw_only
0.425,0.0,4,stacked_raw_only
0.4375,0.0,4,stacked_raw_only
0.45,0.0,4,stacked_raw_only
0.4625,0.0,4,stacked_raw_only
0.475,0.0,4,stacked_raw_only
0.4875,0.0,4,stacked_raw_only
0.5,0.0,4,stacked_raw_only
0.5125,0.0,4,stacked_raw_only
0.525,0.0,4,stacked_raw_only
0.5375,0.023255813953488413,4,stacked_raw_only
0.55,0.022727272727272707,4,stacked_raw_only
0.5625,0.0444444444444444,4,stacked_raw_only
0.575,0.04347826086956519,4,stacked_raw_only
0.5875,0.04255319148936165,4,stacked_raw_only
0.6,0.04166666666666663,4,stacked_raw_only
0.6125,0.04081632653061229,4,stacked_raw_only
0.625,0.040000000000000036,4,stacked_raw_only
0.6375,0.05882352941176472,4,stacked_raw_only
0.65,0.05769230769230771,4,stacked_raw_only
0.6625,0.05660377358490565,4,stacked_raw_only
0.675,0.07407407407407407,4,stacked_raw_only
0.6875,0.07272727272727275,4,stacked_raw_only
0.7,0.0714285714285714,4,stacked_raw_only
0.7125,0.07017543859649122,4,stacked_raw_only
0.725,0.06896551724137934,4,stacked_raw_only
0.7375,0.06779661016949157,4,stacked_raw_only
0.75,0.06666666666666665,4,stacked_raw_only
0.7625,0.06557377049180324,4,stacked_raw_only
0.775,0.06451612903225812,4,stacked_raw_only
0.7875,0.07936507936507942,4,stacked_raw_only
0.8,0.078125,4,stacked_raw_only
0.8125,0.07692307692307687,4,stacked_raw_only
0.825,0.09090909090909094,4,stacked_raw_only
0.8375,0.08955223880597019,4,stacked_raw_only
0.85,0.08823529411764708,4,stacked_raw_only
0.8625,0.08695652173913049,4,stacked_raw_only
0.875,0.09999999999999998,4,stacked_raw_only
0.8875,0.11267605633802813,4,stacked_raw_only
0.9,0.125,4,stacked_raw_only
0.9125,0.136986301369863,4,stacked_raw_only
0.925,0.14864864864864868,4,stacked_raw_only
0.9375,0.16000000000000003,4,stacked_raw_only
0.95,0.17105263157894735,4,stacked_raw_only
0.9625,0.18181818181818177,4,stacked_raw_only
0.975,0.1923076923076923,4,stacked_raw_only
0.9875,0.20253164556962022,4,stacked_raw_only
1.0,0.19999999999999996,4,stacked_raw_only
0.0125,0.0,4,stacked
0.025,0.0,4,stacked
0.0375,0.0,4,stacked
0.05,0.0,4,stacked
0.0625,0.0,4,stacked
0.075,0.0,4,stacked
0.0875,0.0,4,stacked
0.1,0.0,4,stacked
0.1125,0.0,4,stacked
0.125,0.0,4,stacked
0.1375,0.0,4,stacked
0.15,0.0,4,stacked
0.1625,0.0,4,stacked
0.175,0.0,4,stacked
0.1875,0.0,4,stacked
0.2,0.0,4,stacked
0.2125,0.0,4,stacked
0.225,0.0,4,stacked
0.2375,0.0,4,stacked
0.25,0.0,4,stacked
0.2625,0.0,4,stacked
0.275,0.0,4,stacked
0.2875,0.0,4,stacked
0.3,0.0,4,stacked
0.3125,0.0,4,stacked
0.325,0.0,4,stacked
0.3375,0.0,4,stacked
0.35,0.0,4,stacked
0.3625,0.0,4,stacked
0.375,0.0,4,stacked
0.3875,0.0,4,stacked
0.4,0.0,4,stacked
0.4125,0.0,4,stacked
0.425,0.0,4,stacked
0.4375,0.0,4,stacked
0.45,0.0,4,stacked
0.4625,0.0,4,stacked
0.475,0.0,4,stacked
0.4875,0.0,4,stacked
0.5,0.0,4,stacked
0.5125,0.0,4,stacked
0.525,0.0,4,stacked
0.5375,0.0,4,stacked
0.55,0.0,4,stacked
0.5625,0.0,4,stacked
0.575,0.0,4,stacked
0.5875,0.0,4,stacked
0.6,0.0,4,stacked
0.6125,0.0,4,stacked
0.625,0.0,4,stacked
0.6375,0.0,4,stacked
0.65,0.0,4,stacked
0.6625,0.0,4,stacked
0.675,0.0,4,stacked
0.6875,0.0,4,stacked
0.7,0.0,4,stacked
0.7125,0.0,4,stacked
0.725,0.0,4,stacked
0.7375,0.0,4,stacked
0.75,0.0,4,stacked
0.7625,0.0,4,stacked
0.775,0.0,4,stacked
0.7875,0.0,4,stacked
0.8,0.015625,4,stacked
0.8125,0.03076923076923077,4,stacked
0.825,0.030303030303030276,4,stacked
0.8375,0.04477611940298509,4,stacked
0.85,0.044117647058823484,4,stacked
0.8625,0.04347826086956519,4,stacked
0.875,0.042857142857142816,4,stacked
0.8875,0.04225352112676062,4,stacked
0.9,0.04166666666666663,4,stacked
0.9125,0.04109589041095896,4,stacked
0.925,0.05405405405405406,4,stacked
0.9375,0.053333333333333344,4,stacked
0.95,0.052631578947368474,4,stacked
0.9625,0.06493506493506496,4,stacked
0.975,0.0641025641025641,4,stacked
0.9875,0.06329113924050633,4,stacked
1.0,0.07499999999999996,4,stacked
0.0125,0.0,4,stacked_no_gap
0.025,0.0,4,stacked_no_gap
0.0375,0.0,4,stacked_no_gap
0.05,0.0,4,stacked_no_gap
0.0625,0.0,4,stacked_no_gap
0.075,0.0,4,stacked_no_gap
0.0875,0.0,4,stacked_no_gap
0.1,0.0,4,stacked_no_gap
0.1125,0.0,4,stacked_no_gap
0.125,0.0,4,stacked_no_gap
0.1375,0.0,4,stacked_no_gap
0.15,0.0,4,stacked_no_gap
0.1625,0.0,4,stacked_no_gap
0.175,0.0,4,stacked_no_gap
0.1875,0.0,4,stacked_no_gap
0.2,0.0,4,stacked_no_gap
0.2125,0.0,4,stacked_no_gap
0.225,0.0,4,stacked_no_gap
0.2375,0.0,4,stacked_no_gap
0.25,0.0,4,stacked_no_gap
0.2625,0.0,4,stacked_no_gap
0.275,0.0,4,stacked_no_gap
0.2875,0.0,4,stacked_no_gap
0.3,0.0,4,stacked_no_gap
0.3125,0.0,4,stacked_no_gap
0.325,0.0,4,stacked_no_gap
0.3375,0.0,4,stacked_no_gap
0.35,0.0,4,stacked_no_gap
0.3625,0.0,4,stacked_no_gap
0.375,0.0,4,stacked_no_gap
0.3875,0.0,4,stacked_no_gap
0.4,0.0,4,stacked_no_gap
0.4125,0.0,4,stacked_no_gap
0.425,0.0,4,stacked_no_gap
0.4375,0.0,4,stacked_no_gap
0.45,0.0,4,stacked_no_gap
0.4625,0.0,4,stacked_no_gap
0.475,0.0,4,stacked_no_gap
0.4875,0.0,4,stacked_no_gap
0.5,0.0,4,stacked_no_gap
0.5125,0.0,4,stacked_no_gap
0.525,0.0,4,stacked_no_gap
0.5375,0.0,4,stacked_no_gap
0.55,0.0,4,stacked_no_gap
0.5625,0.0,4,stacked_no_gap
0.575,0.0,4,stacked_no_gap
0.5875,0.0,4,stacked_no_gap
0.6,0.0,4,stacked_no_gap
0.6125,0.0,4,stacked_no_gap
0.625,0.0,4,stacked_no_gap
0.6375,0.0,4,stacked_no_gap
0.65,0.0,4,stacked_no_gap
0.6625,0.0,4,stacked_no_gap
0.675,0.0,4,stacked_no_gap
0.6875,0.0,4,stacked_no_gap
0.7,0.0,4,stacked_no_gap
0.7125,0.0,4,stacked_no_gap
0.725,0.0,4,stacked_no_gap
0.7375,0.0,4,stacked_no_gap
0.75,0.0,4,stacked_no_gap
0.7625,0.0,4,stacked_no_gap
0.775,0.0,4,stacked_no_gap
0.7875,0.0,4,stacked_no_gap
0.8,0.0,4,stacked_no_gap
0.8125,0.01538461538461533,4,stacked_no_gap
0.825,0.015151515151515138,4,stacked_no_gap
0.8375,0.02985074626865669,4,stacked_no_gap
0.85,0.02941176470588236,4,stacked_no_gap
0.8625,0.04347826086956519,4,stacked_no_gap
0.875,0.042857142857142816,4,stacked_no_gap
0.8875,0.05633802816901412,4,stacked_no_gap
0.9,0.05555555555555558,4,stacked_no_gap
0.9125,0.0547945205479452,4,stacked_no_gap
0.925,0.05405405405405406,4,stacked_no_gap
0.9375,0.053333333333333344,4,stacked_no_gap
0.95,0.052631578947368474,4,stacked_no_gap
0.9625,0.051948051948051965,4,stacked_no_gap
0.975,0.05128205128205132,4,stacked_no_gap
0.9875,0.05063291139240511,4,stacked_no_gap
1.0,0.0625,4,stacked_no_gap
